path,bytes,sha256,kind,dimensions
About.dc.html,8575,b9ead850f29be92029ecb09e014f8671ed0dc1c2cd01ddf5d242dcdf8cd7df2a,page-or-template,
AssessPage.dc.html,33300,69620a19dfb0435e83634db65c2e33b1a33b258c40fc94e0a586fcd9036533ef,page-or-template,
Bariatrics.dc.html,339,18ebcbf48f5a7a71d2b9a9d4df4e409259712a9be78916931baac907e01e0674,page-or-template,
BariatricsPage.dc.html,60792,63532296d2e5658b46545b601b8c09e4997bfdfd44f478f9c37675dadb60070b,page-or-template,
BehavioralHealth.dc.html,345,fe7694cb13e83ec9643d138a64c048df75d3ceebf5c5f6c95a53ab0858417347,page-or-template,
BehavioralHealthPage.dc.html,73289,dbba8b51c54fc60d613e6c1e7ef4609be13a65f5b251769fb308b82964e83dcf,page-or-template,
BehavioralSafety-standalone.html,10891056,02b60faf18fd5ade413922dfc9cd6cdb0a88e2e4d64f726d637de2ebcd63a32c,page-or-template,
BehavioralSafety.dc.html,55741,2f96dd0a94e8fbb8937922e46049377ffe7cb9040411db156befea961779178a,page-or-template,
BookACall.dc.html,16722,22cc0bdfa75daeecf610c1fad4d9e07b9a797244cd77107c4754f24540de5f77,page-or-template,
CapturePage.dc.html,27244,b032d38e1e90f04c9f10fa0bf0965a0c99fcddd3449226abac8c71689402eed4,page-or-template,
Cardiology.dc.html,339,69a5985d33ff149a9d92e049fdf03380ea49cd6eaf85a775c12b5ad46b01a1f2,page-or-template,
CardiologyPage v1.dc.html,78679,62572a95215a2e5eed2ba110bee51cda8d5c5def3b50d7bb7f683e9bbd736cc6,page-or-template,
CardiologyPage.dc.html,84004,7e51f5580b720e86138186a937c6346f824cbed24d670b4a2566aaef7f75229d,page-or-template,
CareOrbit-Assess-Overview.pdf,9025900,85b2bf4399f4641d5077d6a4fd22df2d0795d910a3c1ab8c7fc4a5db7a557d3e,pdf,
CareOrbit-Engage-Overview.pdf,8874545,74276ab0922c687e23a8fd51fa4aa422f6faca91eed46a97d4b5021c62293e3f,pdf,
CareOrbit-Pritikin-Pilot-Report.pdf,249607,b9e1d9e958b162f0abc71204a4a63cbfe717cea251bcd9fe8f246d957f4a5bfe,pdf,
CareOrbit-Siteman-Pancreatic-Study.pdf,915465,457a4d4d41dfd03d336385a5a6e5d0768fa306da24a99c680c67c09bbb53dbd2,pdf,
CareOrbit-Siteman-Study-Report.pdf,243293,6dad5e6a31e64038a158aed80dddef982c30c3adc86560e4fc3fccd6977c688a,pdf,
CareOrbit-VA-eScreening-Report.pdf,295410,fa82c5da880d027c8e1e7c5a8e8c3aab9d680c66ecb7a384c219ff3e661909e8,pdf,
CommunityResearch v1.dc.html,23699,cb8f027be81547260613ad4bd7e8c83f741c478ed961b7654d95bbc4e2d1f007,page-or-template,
CommunityResearch.dc.html,33525,e16ca3ed288f26bcc608791a9577107f77c46ecb5971dbe4918ca730e619f7a9,page-or-template,
DataPage.dc.html,25583,18b2d6d5b435e7b82ab8659027d73e793d18ac7727b6aefd4fc8eb1cf6ec2d77,page-or-template,
EScreeningResults.dc.html,23398,5b9b3cb697b96bf8a7de72878bdc89b202d7b24ab5508b5cdb8df3d15da3bb9f,page-or-template,
EngagePage.dc.html,28569,531a4d3c788d124dfe85ec68a9e61b8310737b192bdf38862b3c4a715f6ade54,page-or-template,
Home.dc.html,46593,05ef2ae5cc495d6fd04627819ff226ae28905fdd0767d3419cea33bb3ac850a9,page-or-template,
IMAGE-PROMPTS-value-section.md,7462,d64963de557450f3d92ce54f2b2f4e19f8869fdb56485d9baa666a4bb38c7503,doc,
Login.dc.html,7861,2a5998980a7b5d084b89f315576f539996ce5db08bf9339b4ab8705ea094b300,page-or-template,
MedicationTherapy.dc.html,346,12e1a2af54991dd5bfb851c7b4601481311d1b01166785e36046f14b62a0c4f0,page-or-template,
MedicationTherapyPage.dc.html,73470,eefce34d835797845b112e41e81960a5bbe4097bd93a92c0d898a5030d165788,page-or-template,
Oncology.dc.html,337,e1dc6db670242ba85acf8262e0d87caf0e578d9fda0769aba9031481a0e6d6e0,page-or-template,
OncologyPage-print.html,35201,3e09ab637ee7e8e81df620eec2f707962ff227a40cffd5e49d18f56c584e9ea6,page-or-template,
OncologyPage.dc.html,61443,48c15174fd5092ba3c359b6c99058bb034b1c7a7c1ffac820bfab12d4e2c2b2c,page-or-template,
OrbitPage.dc.html,18697,da36b0dc9ae88cf57ffffb547f21269f8eb8d0a3d9d3338e406caaf286217621,page-or-template,
Orthopedics.dc.html,340,d6ed921105174425347baef360ed9190e5373c33dc445cb5ad847dffac803afe,page-or-template,
OrthopedicsPage-print.html,30221,b6588d5705cfdf22a56514f322ce0500c77ed5fdf26c63378259d68c87892e88,page-or-template,
OrthopedicsPage.dc.html,88547,d9ae5985e8f5ebd36be7130315aae26c2173fe1bd2c6b77314b63f887706ccca,page-or-template,
Outcomes.dc.html,24264,3b6c618cc22c6d8c2aac0d80fb60e58d9d2326a5e610bf71830971e5a6c48935,page-or-template,
PAGE-STANDARD.md,13760,a9794db5f07442f22a0040c2b0839b14571df79dc5be3ca643b7b9539e924333,doc,
PancreaticStudy-print.dc.html,12830,54e8948afddc5abe1ab1f33c9f812a3b9db8af1d2c3a521d85a5911b4bc2e65e,page-or-template,
Platform.dc.html,36666,41c95ae0e81670eb07d91da33a6fd34c11f0b394ae38f7c173e911c8cab8f432,page-or-template,
Pricing.dc.html,8418,d3daeb87201d132b676ab4aa45366010fd3d7297447266cac5f9008024deffdc,page-or-template,
PricingAssess.dc.html,7382,7e89f23a4b7f86ab2702f00a4c70af448a95660d60d8c91daaa59b34e6c4a426,page-or-template,
PricingCapture.dc.html,8760,4383ef5c158d26370660378295d1b57910f1eca49596c073f0bc3510b7b1bb50,page-or-template,
PricingData.dc.html,8021,888299be9559af33c34f07f783ab065c71993efd8a40623247de2557ec0ec8fc,page-or-template,
PrimaryCare.dc.html,378,d00b67cd72e6733184594f05115ce5622628bdb537ff4ac797312c477d892d63,page-or-template,
PrimaryCarePage.dc.html,53680,c6d92df87ec49492e00bd1a3b59ffa2f7b27bd1e3da1711db7e0f16bea8ec4d3,page-or-template,
PrimaryCareSheet-print.dc.html,18273,cc3cd6505f61db0555f160b81b9168f4e9859fbea42d06959d3d9cf177049e24,page-or-template,
PritikinPilot.dc.html,20045,2ebe7f61137060b7710e606723f1d2cc5babe309d67b87fdb8f635daaca5a244,page-or-template,
PritikinPilotSummaryPDF-print.dc.html,14888,9f17d974a5da00820f72e9b8f5a93dd7e3748eca74999fa42001b19085e29507,page-or-template,
PritikinPilotSummaryPDF.dc.html,14888,9f17d974a5da00820f72e9b8f5a93dd7e3748eca74999fa42001b19085e29507,page-or-template,
SiteFooter.dc.html,6115,7f7fbbde989aa7cffee5ced1ce3091a0f210d53202fd0ff26bd2e4cd33dad032,page-or-template,
SiteNav.dc.html,17953,cded514a6da6c4f72a8610b0289d184386cd359ce30e9a28490413cbe1693c4f,page-or-template,
SitemanStudy.dc.html,21395,b7ace15676ba941fc95f1d3ac41d94b4336b95bbbc8e1b7642fd9a2415006d13,page-or-template,
StudyRequest.dc.html,13461,da7b5cdda8eab47e677d8a27738b8a1437d393d97d1ed0faa43c5643689ff541,page-or-template,
SurgicalSupport.dc.html,344,e253bc2a619ff38cd18829b9acbb23c3e66df124beb0814565e91175bd442981,page-or-template,
SurgicalSupportPage.dc.html,73892,4a0de50923e37ba7daf66057c51ec55c5a86562599c07e921bc54d737395ffaf,page-or-template,
ThankYou.dc.html,3607,5f2f483eaa7082380eb1c5ade1dd772a61703f14f02648182c09bae2edb04855,page-or-template,
WomensHealth.dc.html,341,f374a685872adda5f62c8af61368995a01e0eecf4da4f1e095d30a8262ef32fc,page-or-template,
WomensHealthPage.dc.html,110075,f8a0cf424b45cbd0c329a5546d01d8a6fce2996c158bb996021619bc9ff08922,page-or-template,
arc-lines.svg,555,3bd3267aff8fed0f00097872a042bf20dbefdcd818cdd38094cfc85c9f5c4150,image,
careorbit-logo-nav.png,8571,8c44256dcfb7548d90c6e4c583ef626fdaabbbc584ad03bfd06e27756e9b3f01,image,241x72
careorbit-logo-nav2.png,8385,33b2d566501fca0bb41cff74d84e6f0751e75705d5e5d2ffb278b0449d2d575e,image,210x60
careorbit-logo.png,21686,b96185bb7fe74e9d95721ed3784065df3eabd09b20c7f02cbb6620a103c1e808,image,292x102
case-study-surgery.png,258587,fb41a1efbef06553eb3188f150dd4d063ecef743add7f56f8c0e744222b524fb,image,394x482
consult-oncology.png,2074778,588534efeb3771954d3c705c53709cb7b0e9334bc219ffd9dad69c028e95e587,image,1672x941
doc-page.js,38579,f52ae9c02fca7ab44c37f3ff363194fdf81caa20ae63e2fe1f518ed21133185e,script,
hero-1.png,1915047,0a169d14c3e2b1d953401007afb2d8997a6368a84f4a12d7f9545b5a9e98bb3c,image,1692x930
hero-2.png,1677914,18883abc096617e17c3ec9ec6db380232ffce3fb20c038a9cf2fab6e31f96717,image,1672x941
hero-3.png,1704548,cd4b01c2a110508b9f2d3317ae2a6f68d0506d43420b58251429032503ff3683,image,1672x941
hero-4.png,1798874,460ce327c2c7dbd4a6be286ac8547b01ed1a7322783904db0110327b9486112b,image,1672x941
hero-5.png,1836502,4fcef58b7ef22d09f2f6bc8d9ca7989147b5cf405a1897bd647115cf66d6682e,image,1672x941
hero-6.png,1472229,84122ebdfe2ae5f2c8f8fc20ccc32a57fcfa5b11b79c3e8d053cc57f7a3495b2,image,1672x941
hero-7.png,1758817,19fec3d5548e410e31c929244496cdf054f7948d07818e737008ef009c04dc7c,image,1672x941
hero-main.png,2143337,2d55d5fbaf769c76f72d9ed457d5fb4a28ef72281a85943dcd6808eba5fcc502,image,1536x1024
hero-secondary.png,2182354,3f97b19c4f6589f0848fe94e73f9ad42ce7649476d719a6bec31acf6acbe269f,image,1536x1024
image-slot.js,65350,fff26d081c8d9d60870f86c7539a5d179b9cdab15e67f2b205508a068e7c7ff6,script,
motion.js,1708,e726c3ac47c3267f80f4a39b1819c8515aade0c60e2e5478a011728245683b16,script,
onc-diagnosis-home.png,2764914,95ee0261335529852aa567cc2ebcd858340a048e65b1872eed80813c09f8d65f,image,1582x867
onc-infusion.png,1872670,76d4c871a28b0b4d5edf94f5537d42a3dae7f6f1abe559d5b63606110d028c77,image,1635x962
onc-oral-therapy.png,1937440,70ec546bbd5f9c004e5e13736a7f0027258ddc479d2aa7d2ad69c59e73eea225,image,1635x962
onc-recovery.png,1909020,613e65ac8abb7f1a5af6df8a1ddfbe81fb5fc6322ab15e3ac21c6fc18972f49d,image,1535x1024
onc-surgical-prep.png,1782659,e796a193ef73d998e33dd48e469f721dc610f2dda610c898ff5fd3a8993a57a0,image,1634x962
onc-survivorship.png,2026719,f1915c44662b73728afb54b2479b03fff5ad16026e747e10c9b1fbe1f1485f04,image,1535x1024
oncology-bell.png,1743043,5b9addab3ec734e9c705059433501abbd5ff349b477b5a704412ffd937c41871,image,1672x941
orbit-phone.png,2049883,ce6276d527568f18488c9000fc2d4da8b48dd582715108221eeae0e1488f00fe,image,1536x1024
orbits-data.js,19566,797e575c89329c352c8cf23a7507eeee28497146155af42c4a4d135cec0aed14,script,
outcomes-banner.png,2083704,b92f6ad1b0cd4084c0b481752c9bb5db7cb1cadad6e8da274d3f806808cf9181,image,1672x941
responsive.css,2549,83d46557efdfec820f925e83ce89e9eb79878d55ddbf6ad3e5951b3139a79b25,stylesheet,
safety-toolbox-talk.png,2271790,0db386db948d14847bb0746701a11e7abc254ba160c14449480ed6607e875e44,image,1493x1054
support.js,69150,8fe7df74405f3c55f49b7249c74ea1397e65d07dea2b1bd3b4a489bec2e28cbe,script,
tile-bariatrics.png,237845,8e19bda2564ec43fbc80bca570b7c9e924fb56070da00b1997dbcb168a94401d,image,394x482
tile-behavioral.png,217831,26018e7d28c3e04ec632f5495a934d7262f57aa99091484c1b7e735a03cd17d6,image,394x481
tile-cardiology.png,233906,c7531f53e04be3a4c12a04ec7b1527d98f914b7a224877818974e041c5130d86,image,393x482
tile-medication.png,227284,eeae88340ff59e14a7242364ccf5154e873ece8d65c13d33588bf1abff47baa1,image,393x482
tile-oncology.png,220391,109d7af63c451260545028aa42ecd79a4e8f434bf33a6519eb91ea83dd66e5b3,image,393x481
tile-orthopedics.png,222738,2b80a7bf6f534ec26795e6b4015cb9bb1ba78a15831b0f6744c5418e413f2eff,image,394x481
tile-primarycare.png,2008483,154249713db2b2686763b42ab45df5454fa9b0e957cd94fa3d059efbe9d8bfff,image,1394x1128
tile-procedures.png,258587,fb41a1efbef06553eb3188f150dd4d063ecef743add7f56f8c0e744222b524fb,image,394x482
tile-womens.png,246558,36d728042a22ae98094eaf022091bb083156265eb5e02977fc48702236fc3ca6,image,393x481
value-bariatrics.png,2149713,5970b6860e1a593296817554fa939fe0bb0841bbb80ea896b8a5e4158b7082c2,image,1122x1402
value-behavioralhealth.png,1867069,2a98b8c6f466f65df4bb430aced8815673d0ac0b4d16b3fdd38e0e8a81ad839a,image,1122x1402
value-cardiology.png,2078026,f3e3d5545b40545b6fa2d1468dd51ed6a2ddbb59fb51dbb469aba18354df4ca5,image,1092x1440
value-medtherapy.png,2095070,5ea2499d28bf86c80721cc5856aa7e9dbdb5e80578be4348b538576528e97087,image,1122x1402
value-oncology.png,2205784,25b7ab1501e93888e12d896570611feca83d7d7fd86773fecc8a9560cd4a5f02,image,1023x1537
value-orthopedics.png,1942913,223f32bf63be166171ecb3049042b0a03f081dc2b6519d145c7a8e44568202f1,image,1086x1448
value-research.png,2169069,0453b97c2e9034c7c81f77361088be165f4c537869b436f371b04e5477138477,image,1122x1402
value-surgical.png,2154207,9fdddfc1251356d4679146f008f235afb90b60cd8f743cca18ed00bc0e586e9b,image,1122x1402
value-womenshealth.png,2066178,a92497d970f0b885a8a171b545ae29eb0ee6c957dfa983a1ef488587ecb61cd3,image,1089x1444
archive/Platform-tabs.dc.html,38212,c1f60bd6e4b8430cd86f75e8264ca0f4d44b21b483419b1403a6a3e859e28b31,page-or-template,
images/assess-escreening.png,1893892,4de13a0f27aea3598f98823eb12907a23ae80d38dea6170a7e323d861e0b7068,image,1685x933
images/assess-hero-2.png,2029626,2a5cb9677a4e339f52247954504cebd454556cb12ffb35d18fa4d8e24f5a9de4,image,1254x1254
images/assess-hero-3.png,1920443,8391e8c3eb993454d5a98d577a42a7ffafd1a97fad583c64db53dc38c0f2a76d,image,1298x1212
images/assess-hero-4.png,2043310,52f3590ea732e4998da2c0af7ef3e8774219d1a408d38143d9ede8da9394feb6,image,1113x1413
images/assess-hero-5.png,2122921,da93ce71bcb18affbe800bc66af247f99f7ceea6c839c2cd526eb86a97343330,image,1254x1254
images/assess-hero.png,1844845,49ffd2992c75707257ebff5e541134fa12a75ec28feb57a1461085660af8767d,image,1590x989
images/capture-content-1.png,1636981,77143c134fff3ed840d55df9a71295b8a3d34d46fd91703b039e8ed03ba80874,image,1254x1254
images/capture-hero-2.png,1779926,9d547ca94f63dd255dc0e3eea1bd0ab1348e67732d0c2fa61a31d07ba87a76bd,image,1284x1225
images/case-study-siteman.png,1990882,6ce59c4c8ecbb5a33e5140ccb686ca6591771a96f8b5beacb0d9730882e5a078,image,1536x1024
images/data-flow-diagram-2.png,903629,f3b47bec865d220c4c2b551809ca6f7240e989e9826a39ed10850f421b1538d3,image,1774x887
images/data-flow-diagram-3.png,897842,641efd019b7dca8cfc8d9ad69a52a1f5a3c1d7e58a768cbc3bb8d5cec1105b24,image,1774x887
images/data-flow-diagram-4.png,870172,51aab7a8b2297614bc82e6401d7ff0965c03ba8f286ccca051f735db329bf246,image,1774x887
images/data-flow-diagram.png,952927,9583a143d8c97825212d7871c919b41769d64e83ef8e5b2de5d35f4229765d07,image,1774x887
images/data-hero-1.png,1636981,77143c134fff3ed840d55df9a71295b8a3d34d46fd91703b039e8ed03ba80874,image,1254x1254
images/engage-hero-10.png,2011841,516f0858e26c1053edac690c45aa75b15b987e6aae80c0890ce0f3491c29e8fa,image,1284x1225
images/engage-hero-11.png,2120547,9d5094ca52b886fcab36f38a4ad2a089d308dc20e72f9a2a0d0ee1b61fe8bb55,image,1284x1225
images/engage-hero-2.png,1881180,125efdc3c9c702e52dd0784cb5fbbd463b37c73f7a04632f9a62838395d5f401,image,1670x941
images/engage-hero-3.png,1889388,648e85cfd556057b1b4fea8c0cfc05785eabb5be07989654d2a20131b613bc36,image,1971x798
images/engage-hero-4.png,1849025,6332102d98f9ba8e4f0a4888cca6e9827abf42647492913a11a889a496f5dd34,image,1971x798
images/engage-hero-5.png,1870613,bce5ea75200522db65dcd8787457d62efdfd011c667899aae284f719e59009c6,image,1971x798
images/engage-hero-6.png,1921618,bdcb81010982859ffa1c056287f2652c7c2fb69214a68321bcc9e9e9f46b431f,image,1254x1254
images/engage-hero-7.png,1976939,94c2ae5f6c65879cc5800b09c4b7e52cd600f7325c64df35203ca409114836d7,image,1254x1254
images/engage-hero-8.png,1954919,90c74ff75c01ffad7eef1b94d7bd7c118a31978937d6fd1d32e3c4f72519b514,image,1254x1254
images/engage-hero-9.png,2013552,47e5bb2a3821a897b906fdf3ff1c76660a473dbe88828ef9eaafef16121dbb55,image,1113x1413
images/engage-hero.png,1870058,4bf5cd665fdbdb32d30f68d090aaf9b6b9e2692b85cb9e036be15b3662968c8c,image,1900x828
images/headshot-david.png,1372470,05b74dfba6bf261b5f5921c0d0a67b8bfdd8368f044c1ac615965a268450b879,image,914x918
images/headshot-jeff.png,2136623,f9d369638d57ae378d3b60305e0880abf3e49e6f5347dcc47dd526de50f591d1,image,1254x1254
images/headshot-jim.png,1202064,2942451638d290ee3b99fbcc32b28f46d772feebae5767bb303d681edc6374a6,image,918x916
images/hero-bariatrics.png,2395278,d9ed02846c9d6b1bf938704e62711d25a373b730c05c2520766418f55ad6afd4,image,1536x1024
images/hero-behavioral-health.png,2047761,18e1056878adf55a6abab07eddf05a7f943e3e5110960b508020a892bbba96ce,image,1453x1082
images/hero-cardiology.png,2233032,a45e5aa9005c1bdb4f7ebbcfb9f9ad0eed7310c81d051130316f6ef37451beaa,image,1448x1086
images/hero-medication-therapy.png,2073572,2370618ad56a642fb8c8db0c76cfc37a236f3db4673fc387c66fcc2d26990484,image,1394x1128
images/hero-orthopedics.png,2323528,d5e98c3eeb871871fc6ab5d518548b573bdb030eae28ee3e52ba34126581761c,image,1536x1024
images/hero-surgical-support.png,2300327,7a5fb4a9c89ddd7d3f1b8d96c7b0c705767954d58a9c5f953742071ec023d583,image,1536x1024
images/hero-womens-health.png,2047533,5765d2c796b2074fd9f9f411a8291d7e9ad9c7fd919b39e61855708ca3bf34aa,image,1408x1117
images/how-we-work-bg.png,2122765,f61250ede0e985b6e9e02d8a0d9d5bc7d27f4a201ff6acd56d699b5f3bd56fbb,image,2068x760
images/offering-behavioral-safety.png,2592643,db3799fc67f3dea4c197f53301f7bdd8137718297e75747b7064512fa03676c7,image,1536x1024
images/offering-capture-2.png,1779926,9d547ca94f63dd255dc0e3eea1bd0ab1348e67732d0c2fa61a31d07ba87a76bd,image,1284x1225
images/offering-capture-3.png,1080677,e1c60b1e3f750a35637bae45ca52b4a41aa55b36dcc35f5a03663111a7f508f6,image,1462x1076
images/offering-capture-4.png,1322047,67736234b8afa687d0784a1d21f1e66291f64b532f87233e4891eb44a034939a,image,1536x1024
images/offering-capture.png,1931462,dc7fc9b3cd8a502ac37eb5dcb2d6ae4f80043597a96f1222d62a29a6b7449a44,image,1672x941
images/offering-research.png,1909486,36461ce45e443b0482ae81547e4ca0399c608150ad0668120c0f75ea1f12b7ac,image,1672x941
images/ortho-day-of.png,2121764,21600ce08aca073eb93f9d0ec0a388f6763cdbbecb90e4d09901e3017b8358b6,image,1672x941
images/ortho-home-recovery.png,2020264,dbcc8fca7ee4aea9ee3efcc193986138f01c326853b11257eefc6604306d8b7d,image,1672x941
images/ortho-pain.png,2145824,2c8434a7ebfd2aa212d452f511c89491342d6ac9d1e758172b9ed076aed9c839,image,1672x941
images/ortho-prehab.png,2010664,4f41f861c66c6d0820fa48279bfafe88700feb59beeedd6748b36b0e466ba8fc,image,1672x941
images/ortho-proms.png,2027530,08695764096f6b5c1c6d4f576c04a97d7a22a56b3bb9eb7931a40b7f14ea2c73,image,1672x941
images/ortho-therapy.png,1919605,218c9a97ced96f6c96cdd8c7dddb153ad7c1ff73f1eb1ee8199314f90d8d29ad,image,1672x941
images/phi-free-dashboard.png,1723585,73248686a1d29f4d6767229ef8a414fff047946fecdda580b4bd1e1770fce76c,image,1538x1023
images/platform-card-assess-2.png,2036889,892428d81333961d921a60a3129a7a4ce4cf730902e39a16cb9bab833790e2a9,image,1113x1413
images/platform-card-assess-3.png,2043310,52f3590ea732e4998da2c0af7ef3e8774219d1a408d38143d9ede8da9394feb6,image,1113x1413
images/platform-card-assess-4.png,2229476,e679874a1bc7d84a65fbec2b9f49eeb76bfd2ff2a471b02df4c2135a0a778af0,image,1199x1312
images/platform-card-assess-5.png,2177266,6a59e391271bbb04e419e84687f038b3f151cc9e3c50371d3c7a420fe5fb8894,image,1199x1312
images/platform-card-assess.png,1914069,7db844db765fbff2aee690db88656a794a383f0bcae23057578d14c670a92310,image,1113x1413
images/platform-card-capture-2.png,1784303,8ff65964db5dbde7366e5877aeed2644cfabaedf2974092cbb20b9c2c4c94b09,image,1113x1413
images/platform-card-capture.png,1866798,cfe9ce349d52f384a36aca5c4ca112785490de980d0f61db0876a8ae575b96cc,image,1113x1413
images/platform-card-data-2.png,1877229,0803478b256ad03b088db934157d70e4a4962cc5b5178474cba617ca2185fade,image,1113x1413
images/platform-card-data.png,1850189,d40342d3ac2d97c9f2975dddcf8a61c046c7e2fb53a21a286ff47f32d63f0c5c,image,1113x1413
images/platform-card-engage-2.png,2013552,47e5bb2a3821a897b906fdf3ff1c76660a473dbe88828ef9eaafef16121dbb55,image,1113x1413
images/platform-card-engage-3.png,2109776,1d18c6812fb3533d0a53ec1cf71f57c3b8e70e18f9316c38f38bfd333469e720,image,1199x1312
images/platform-card-engage-4.png,2177266,6a59e391271bbb04e419e84687f038b3f151cc9e3c50371d3c7a420fe5fb8894,image,1199x1312
images/platform-card-engage.png,2002136,22073c32996d97f05176595e4819a8c8088cd6af6e0cccab2d4f5960938d6a03,image,1113x1413
images/platform-experiences.png,1861795,d93d96dfd7d0557c9604594773f4d1cea43ef418781b32fa492d59e13f0f64fb,image,1584x993
images/platform-feat-1.png,2232270,3b27eed1c3fdab26d708bf4685a1a8b5ea818b1a7721864fbf97af0a18df0d32,image,1284x1225
images/platform-feat-1b.png,2141042,a6ea4dece8090aab6010343c1a9427993247589eab92e96a9c08d6d600b4b9eb,image,1284x1225
images/platform-feat-1c.png,2053667,00f7f3912fe79ee81b182605028769fef0c4f398fddb11cafbdfe8e1673e313f,image,1199x1312
images/platform-feat-1d.png,2383836,8ba7efeb86ff9b72f84eb5aa835b0757925269420d6a7190b0725c30819a8284,image,1199x1312
images/platform-feat-1e.png,2152011,3abb61a326b659022bf2b379c910a445f20b073c52bb1b36d3ef582b1de1cf1c,image,1199x1312
images/platform-feat-1f.png,2173207,98b03f14c3becae86c12a42c27b67342f7c23a81d2f5b77bf7ff5ec5c13425ab,image,1284x1225
images/platform-feat-2.png,1994955,31d737a49bffe29f8ff6fc66bda432216061acec4a36a56e05c9687d7bb705f7,image,1284x1225
images/platform-feat-2b.png,2028038,251906f08a9d22eeada3c3d713d8780f007abe367e65c9509238c98cc73d1655,image,1284x1225
images/platform-feat-2c.png,1996019,97c001cd5dad9404b01da1139281b4edfe6f9a29ad6a8760420e0322415653f1,image,1284x1225
images/platform-feat-2d.png,1796349,1322119fae2a86fc1dc28ac8de6863343ffbfb0c66752663dc25b88c2a4e5140,image,1284x1225
images/platform-feat-3.png,1712230,71afb81574240e1f9d50e83a3351579d44a099a3db412fccfd7406deef0c2832,image,1308x1203
images/platform-feat-3b.png,1897401,b10ec015b21b185940d3ca3ca28e542ff1a50d944df0dd3e725309d1235ccf9d,image,1284x1225
images/platform-feat-4.png,1796151,9a07c04d21c6e6af9f6f914c8f0cd5029db00ef97752aa6454456f379a475649,image,1308x1202
images/platform-feat-5.png,2192473,f5ad88b375f445e2010dcc1616d1018891b11a34f18a0f01cfa89adccbd2c8d6,image,1308x1202
images/platform-feat-5b.png,2011841,516f0858e26c1053edac690c45aa75b15b987e6aae80c0890ce0f3491c29e8fa,image,1284x1225
images/platform-hero-1.png,1958406,bebe2fd708fd321d172a1dadad12054a7a913a85a10f67bfd080457240d9ebf4,image,1188x1324
images/platform-hero-2.png,2122684,0016ca6260f24a5474b3302853b1b647b3b61de1f43790d6a37c99717a4d0c32,image,1448x1086
images/platform-hero-3.png,1963264,e91ac5bc1ae04fdd747a9875f9d1625b0e749aa04ceb6980021a1934bac9c874,image,1487x1058
images/platform-hero-4.png,1964924,f3739b331582f0bbe450209fb6926d2289005a8aa6749144c5c31a2ef00ad321,image,1122x1402
images/platform-hero-4b.png,1964924,f3739b331582f0bbe450209fb6926d2289005a8aa6749144c5c31a2ef00ad321,image,1122x1402
images/platform-statement-2.png,1865725,fdbd42d257b82de8727749add9ea530e3bba203dcbbbf83cc0b1fb6eaf2dd430,image,1685x934
images/platform-statement.png,2183920,758f3c9fcdb3d3d3ab3b9cda7241018703170de5a85d52f7e00b46d2286361bb,image,1726x911
images/primarycare-hero.png,2008483,154249713db2b2686763b42ab45df5454fa9b0e957cd94fa3d059efbe9d8bfff,image,1394x1128
images/primarycare-value-chronic.png,2057238,8708a2cc83ba6c2f165f2ccbdc6a14548e3b38ab54c8bc56177342c49292e2ac,image,1086x1448
images/primarycare-value-prevention.png,2122055,7cd35b58a2d9fab3d2fe348a161784dae91ecc2ddea7a17018582d1d944d8f09,image,1086x1448
images/primarycare-value-transitions.png,1887504,fdbd7b5c5c83b4b83cc460bda49161aedfc5bab22f80e390065d5fdf97c0ade1,image,1086x1448
images/research-hero.png,2305822,11bc83c3f49b419008a19f1c57a9ad32ed8b204c03d62691d49e4a74db98f7f2,image,1536x1024
images/roi-enrollment.png,1925437,18617c24679517fce157ecef0b28b5af2f8d253d525e3cedada6f5ca8ff2bc90,image,2070x760
images/roi-missed-appts.png,1938546,997ee2a00c5053d2168ae9982eed1537fe5cdbbde420c597eebc43a15521b5f1,image,2071x759
images/roi-staff-time.png,2031365,f57d76ff725a7704bfc41ac4064573cb0fb6d06343890be54b6a38569afed0ac,image,2069x760
images/roi-vbc.png,2191127,539440b0d5baf7920239ddd947bb399636d9f01628ee4738489b75c44cc9c9a7,image,2070x760
images/study-cardiac-rehab.png,2224753,f54390b0a81faad17a348a8f7d8c9e593907701a0af0bb3e8daa7cdd6b0ed56d,image,1536x1024
images/study-va-escreening.png,2155859,c5935c96c06bdf6dd8112eba2de7c2f86d29730923bf8b3fc44f5600b305ca81,image,1536x1024
images/unified-experience-2.png,1780350,cdd71a58b0d706256ed884e14391faa151cb0ba86c6e596641d73d4fa71edd60,image,1907x825
images/unified-experience-3-crop.png,2666532,0ace3c9737c98ae9e125352cc5a2214919b6205b46a3630f2aaedc06016c3da0,image,1809x774
images/unified-experience-3.png,1960768,5ec6b491dddf6a5b4c8d5083949c216ec4df45849ece015c5faf62a06e53ab89,image,1877x838
images/unified-experience-4-crop.png,2535787,02108807fd91e5558c115dc926596aca43b5214b95136016a337e6b5a7c75435,image,1814x772
images/unified-experience-4.png,1845770,8bcc4fdf200823feebe72d074b297b709f2dcaa78b31ee6321d54eb13002e05d,image,1886x834
images/unified-experience-5-crop.png,2562858,6df5a11bb89d8cda1b0fd415dfc66356f4d2c2121cec038da5f47b0a95fc901c,image,1860x779
images/unified-experience-5.png,1780350,cdd71a58b0d706256ed884e14391faa151cb0ba86c6e596641d73d4fa71edd60,image,1907x825
images/unified-experience-crop.png,2612562,78218238f127f0f4e4457ad556b9443850f5cdd3ca2adb62f0387bc67af2d126,image,1840x758
images/unified-experience.png,1946350,463a54bd7f52797b1e498822afbec96e92cdf77bbca67f5690442050302605e9,image,1903x826
images/value-cardiology-all.png,2382732,8b1f0a79753a7d12db61c615c3fe922462ff6790f754eac11eec34af3e881d47,image,1122x1402
images/value-cardiology-hf.png,2539140,cba86cf73713c23ca2847382730153f4b4fad052ea1096638366f1dfec7ea440,image,906x1387
images/value-cardiology-procedures.png,2577277,9ff0addd1328694855e7cba132af664d22fc3f0bd7a4c5d50c9f405b43f8419c,image,935x1390
images/value-cardiology-rehab.png,2516258,9bb20fc0b6eda94053d0ee87642488a288fe9204fe7f8b52f123796bd3710446,image,1050x1498
images/value-gyn.png,2102226,91aa4349bba536181300f2a4425470c3c5e8b35d2059cefe8d0adb07f7d82874,image,1122x1402
images/value-maternity.png,2126620,a640bb8d658e585f9e56c31137028f1cc0532b1a6156f1b2e11059a801e78d92,image,1122x1402
images/value-midlife.png,2103063,5db4e9e6cbbf653a847659b491afbeba5d152d07cda69b8a8f5fbe40caabe916,image,1122x1402
images/value-ortho-all.png,2638306,b0c48f3f3ca466d5939e545d95385ec056d077246bc095f8c51371269d4f8706,image,948x1384
images/value-ortho-joint.png,2705722,ff8c5d9bab3eea7c2dd8a19b9af7772af9381b414d3fb053255620bffe0528f5,image,955x1417
images/value-ortho-spine.png,2809464,e4d17771dd2b754410f40c2e794c5a17ed1cbe8788268985899cd69d966e3321,image,958x1409
images/value-ortho-sports.png,2784997,dad8429c80cb1598d1536b835a5af5ee60fad0b12d4ec3824eb60463971b9ef3,image,970x1412
sheets/careorbit-assess-2-page.pdf,6544980,fade230c74ad48054ac04c625d48a3e688f98fd477788630c7f2208f9b7720c6,pdf,
sheets/careorbit-bariatrics-2-page.pdf,5885528,44cc78ab80da5c51f81b3e178d20fdb429d433fb05da4585541b0079d0a81387,pdf,
sheets/careorbit-behavioral-health-2-page.pdf,4690859,13f23bd654b6a0e13f31cab8dc5b0441c4052f297243b599fbc32e4f7bbb0dec,pdf,
sheets/careorbit-behavioral-safety-2-page.pdf,6356247,802e121d2988cb64877cedb59ab2a5ed72d3bf87986b192c4e21c69bf59aecb3,pdf,
sheets/careorbit-capture-2-page.pdf,3519367,a5242e779d2bdfea99f28f1c800ae8cdeae9bff0e05d6ead8ca5afe4be0439de,pdf,
sheets/careorbit-cardiology-2-page.pdf,5972934,fbd46cc451c09d9675e74057042b650b4fc72179d8e60a10fa8d0c8166bf1a18,pdf,
sheets/careorbit-community-research-2-page.pdf,6007233,d75c702bf45aa74048c6181c1f702ce26da1ab370e49eb096b6b8b851daf360c,pdf,
sheets/careorbit-data-2-page.pdf,5746047,4181f02c901cb65bbac0742f2ec508de22f7441bc652e1dabe3133510417fb2d,pdf,
sheets/careorbit-engage-2-page.pdf,6060576,991dafb465870db431496f3f56e8c46ce8a00963d8730d1dccd50687aa22fcac,pdf,
sheets/careorbit-medication-therapy-2-page.pdf,5763954,739a91b6de938c7624f69da0e3368db1e0f4511f491bf9511f012c0db470d393,pdf,
sheets/careorbit-oncology-2-page.pdf,5893809,0f3cb864ff7c73a7c510a7e20aa7eae45822c9ec824bf201949e4ea4eed40abd,pdf,
sheets/careorbit-orthopedics-2-page.pdf,5721375,26e6fdfc63b30a30b3d5d0da708cdb5d5e142ff446638d7aa269b93d232a23b0,pdf,
sheets/careorbit-platform-2-page.pdf,4693548,379af6f457797fd7069cbc4bec174b5fc8291e1d77b9a6b53ec20a6f492ffd33,pdf,
sheets/careorbit-surgical-support-2-page.pdf,5783035,a1ced6be1285cc0130d4a442825f409781bf82f2627d6681ef903dad41b1335d,pdf,
sheets/careorbit-womens-health-2-page.pdf,5015196,a5f3fcefc024cf47b660bc9777c8c98e4ab7ba8ca7cc16d034ceab9b7937528c,pdf,
